{
  "ocr_type" : "receipts",
  "request_id" : "P_92.180.9.66_lob66f97_hy5",
  "ref_no" : "ocr_python_123",
  "file_name" : "receipt.jpeg",
  "request_received_on" : 1698565727422,
  "success" : true,
  "image_width" : 720,
  "image_height" : 1600,
  "image_rotation" : 0,
  "recognition_completed_on" : 1698565727743,
  "receipts" : [ {
    "merchant_name" : "1,000 BUC 8,49",
    "merchant_address" : null,
    "merchant_phone" : null,
    "merchant_website" : null,
    "merchant_tax_reg_no" : null,
    "merchant_company_reg_no" : null,
    "region" : null,
    "mall" : null,
    "country" : "US",
    "receipt_no" : null,
    "date" : null,
    "time" : null,
    "items" : [ {
      "amount" : 13.47,
      "category" : null,
      "description" : "Rodii",
      "flags" : " B",
      "qty" : null,
      "remarks" : null,
      "tags" : null,
      "unitPrice" : null
    }, {
      "amount" : 8.49,
      "category" : null,
      "description" : "Oua L Sol",
      "flags" : " B",
      "qty" : 10,
      "remarks" : null,
      "tags" : null,
      "unitPrice" : null
    }, {
      "amount" : 4.79,
      "category" : null,
      "description" : "Masline fara samburi",
      "flags" : " B",
      "qty" : null,
      "remarks" : null,
      "tags" : null,
      "unitPrice" : null
    }, {
      "amount" : 3.39,
      "category" : null,
      "description" : "Branza Fagaras",
      "flags" : " B",
      "qty" : null,
      "remarks" : null,
      "tags" : null,
      "unitPrice" : null
    }, {
      "amount" : 1.99,
      "category" : null,
      "description" : "Salata de icre cu ceapa",
      "flags" : " B",
      "qty" : null,
      "remarks" : null,
      "tags" : null,
      "unitPrice" : null
    }, {
      "amount" : 8.79,
      "category" : null,
      "description" : "Mascarpone",
      "flags" : " B",
      "qty" : null,
      "remarks" : null,
      "tags" : null,
      "unitPrice" : null
    }, {
      "amount" : 4.69,
      "category" : null,
      "description" : "Mixuri salate Fresco/Bacio",
      "flags" : " B",
      "qty" : null,
      "remarks" : null,
      "tags" : null,
      "unitPrice" : null
    }, {
      "amount" : -2.35,
      "category" : null,
      "description" : "DISCOUNT",
      "flags" : "B",
      "qty" : null,
      "remarks" : null,
      "tags" : null,
      "unitPrice" : null
    }, {
      "amount" : 13.99,
      "category" : null,
      "description" : "Crenvursti piept pui",
      "flags" : " B",
      "qty" : null,
      "remarks" : null,
      "tags" : null,
      "unitPrice" : null
    }, {
      "amount" : -7.00,
      "category" : null,
      "description" : "DISCOUNT",
      "flags" : "B",
      "qty" : null,
      "remarks" : null,
      "tags" : null,
      "unitPrice" : null
    }, {
      "amount" : 10.99,
      "category" : null,
      "description" : "Branza de sandvis felii",
      "flags" : " B",
      "qty" : null,
      "remarks" : null,
      "tags" : null,
      "unitPrice" : null
    }, {
      "amount" : 8.49,
      "category" : null,
      "description" : "Salam nobil feliat",
      "flags" : " B",
      "qty" : null,
      "remarks" : null,
      "tags" : null,
      "unitPrice" : null
    }, {
      "amount" : 5.99,
      "category" : null,
      "description" : "Baton Muesli",
      "flags" : " B",
      "qty" : null,
      "remarks" : null,
      "tags" : null,
      "unitPrice" : null
    }, {
      "amount" : 13.17,
      "category" : null,
      "description" : "Mozzarella Light",
      "flags" : " B",
      "qty" : null,
      "remarks" : null,
      "tags" : null,
      "unitPrice" : null
    }, {
      "amount" : 0.10,
      "category" : null,
      "description" : "Pungi 40%bio compost",
      "flags" : " A",
      "qty" : null,
      "remarks" : null,
      "tags" : null,
      "unitPrice" : null
    }, {
      "amount" : 3.60,
      "category" : null,
      "description" : "Mere Golden kg",
      "flags" : " B",
      "qty" : null,
      "remarks" : null,
      "tags" : null,
      "unitPrice" : null
    }, {
      "amount" : 6.49,
      "category" : null,
      "description" : "Ananas bucati in suc",
      "flags" : " B",
      "qty" : null,
      "remarks" : null,
      "tags" : null,
      "unitPrice" : null
    } ],
    "currency" : "USD",
    "total" : 193.53,
    "subtotal" : 193.53,
    "tax" : null,
    "service_charge" : null,
    "tip" : null,
    "payment_method" : null,
    "payment_details" : null,
    "credit_card_type" : null,
    "credit_card_number" : null,
    "ocr_text" : " 11:09                                81%\n ←   26 mai\n Rodii                              13,47 B\n    1,000 BUC 8,49\n 10 Oua L Sol                        8,49 B\n    1,000   BUC 4,79\n Masline fara samburi                4,79 B\n    1,000 BUC 3,39\n Branza Fagaras                      3,39 B\n    1,000   BUC 1,99\n Salata de icre cu ceapa             1,99 B\n    1,000   BUC 8,79\n Mascarpone                          8,79 B\n    1,000   BUC 4,69\n Mixuri salate Fresco/Bacio          4,69 B\n REDUCERE 50%\n DISCOUNT                            2,35-B\n    1,000 BUC 13,99\n Crenvursti piept pui               13,99 B\n REDUCERE 50%\n DISCOUNT                            7,00-B\n    1,000 BUC 10,99\n Branza de sandvis felii            10,99 B\n    1,000   BUC 8,49\n Salam nobil feliat                  8,49 B\n    1,000   BUC 5,99\n Baton Muesli                        5,99 B\n    3,000   BUC 4,39\n Mozzarella Light                   13,17 B\n    1,000   BUC 0,10\n Pungi 40%bio compost                0,10 A\n    0,902   KG 3,99\n Mere Golden kg                      3,60 B\n    1,000   BUC 6,49\n Ananas bucati in suc                6,49 B\n SUBTOTAL                          193,53\n TOTAL                        193,53\n        |||",
    "ocr_confidence" : 97.55,
    "width" : 667,
    "height" : 1546,
    "avg_char_width" : 15.8139,
    "avg_line_height" : 21.1756,
    "conf_amount" : 83,
    "source_locations" : {
      "total" : [ [ {
        "y" : 1467,
        "x" : 478
      }, {
        "y" : 1464,
        "x" : 667
      }, {
        "y" : 1510,
        "x" : 668
      }, {
        "y" : 1513,
        "x" : 479
      } ] ],
      "subtotal" : [ [ {
        "y" : 1388,
        "x" : 564
      }, {
        "y" : 1387,
        "x" : 664
      }, {
        "y" : 1412,
        "x" : 664
      }, {
        "y" : 1414,
        "x" : 564
      } ] ],
      "merchant_name" : [ [ {
        "y" : 210,
        "x" : 71
      }, {
        "y" : 210,
        "x" : 384
      }, {
        "y" : 234,
        "x" : 384
      }, {
        "y" : 233,
        "x" : 72
      } ] ],
      "doc" : [ [ {
        "y" : -52,
        "x" : -8
      }, {
        "y" : -52,
        "x" : 725
      }, {
        "y" : 1648,
        "x" : 725
      }, {
        "y" : 1648,
        "x" : -8
      } ] ]
    }
  } ]
}