{"ocr_type": "receipts", "request_id": "P_92.180.9.8_lpr61jzu_8x2", "ref_no": "ocr_python_123", "file_name": "receipt.jpeg", "request_received_on": 1701709741435, "success": true, "image_width": 1080, "image_height": 1920, "image_rotation": -0.038, "recognition_completed_on": 1701709741828, "receipts": [{"merchant_name": "CATENA", "merchant_address": null, "merchant_phone": null, "merchant_website": null, "merchant_tax_reg_no": null, "merchant_company_reg_no": null, "region": null, "mall": null, "country": "US", "receipt_no": "15/A", "date": "2023-09-26", "time": null, "items": [{"amount": 4.5, "category": null, "description": "X 20 COMPR.> 20 UT =", "flags": " C", "qty": 1, "remarks": null, "tags": null, "unitPrice": 4.5}, {"amount": -0.5, "category": null, "description": "REDUCERE", "flags": " C", "qty": null, "remarks": null, "tags": null, "unitPrice": null}, {"amount": -0.5, "category": null, "description": "REDUCERI/OFERTE CATENA:", "flags": "", "qty": null, "remarks": null, "tags": null, "unitPrice": null}, {"amount": 4.0, "category": null, "description": "KEST DE PLATA:", "flags": "", "qty": null, "remarks": null, "tags": null, "unitPrice": null}, {"amount": 0.5, "category": null, "description": "ATI ECONOMISIT:", "flags": "", "qty": null, "remarks": null, "tags": null, "unitPrice": null}], "currency": "USD", "total": 4.0, "subtotal": null, "tax": 0.33, "service_charge": null, "tip": null, "payment_method": null, "payment_details": null, "credit_card_type": null, "credit_card_number": null, "ocr_text": " CATENA\n             FARMACIA REGALA S.R.L.\n               BARAC ION NR.15/A\n                 SCARA A PARTER\n              TIMISOARA JUD. TIMIS\n                CIF: R010685645\n EMAIL: TIMISOARALONBARAC 15A@CATENA.RO\n TELEFON: 0743004723\n ACID ACETILSALICILIC ZENTIVA 500 MG\n X 20 COMPR.> 20 UT          1 BUC X 4.50 = 4.50 C\n   REDUCERE                               -0.50 C\n DIN CARE\n REDUCERI/OFERTE CATENA:                  -0.50\n KEST DE PLATA:                            4.00\n ATI ECONOMISIT: 0.50\n TOTAL LEI\n                                            4.00\n NUMERAR LE!                                4.00\n REST                                       0.00\n TOTAL TVA C- 9%                            0.33\n TOTAL TVA BON                             0.33\n Z: 1698 BF: 0007                   NR AMEF: 0001\n 10 BF:         60001358642023092609400416980007\n         DATA: 26-09-2023 ORA: 09:40:04\n                                      : 00101634\n 5/1 084700006907                      CASTER\n CASTER 1\n                   BON A600099864", "ocr_confidence": 90.45, "width": 732, "height": 1456, "avg_char_width": 14.7483, "avg_line_height": 26.208, "conf_amount": 83, "source_locations": {"date": [[{"y": 1611, "x": 412}, {"y": 1605, "x": 575}, {"y": 1639, "x": 576}, {"y": 1645, "x": 413}]], "total": [[{"y": 1259, "x": 842}, {"y": 1256, "x": 901}, {"y": 1284, "x": 902}, {"y": 1287, "x": 843}]], "merchant_name": [[{"y": 348, "x": 128}, {"y": 325, "x": 884}, {"y": 434, "x": 887}, {"y": 457, "x": 131}]], "doc": [[{"y": 281, "x": 108}, {"y": 250, "x": 914}, {"y": 1851, "x": 974}, {"y": 1882, "x": 169}]], "tax": [[{"y": 1461, "x": 187}, {"y": 1456, "x": 399}, {"y": 1483, "x": 400}, {"y": 1489, "x": 188}]]}}]}