{
  "ocr_type" : "receipts",
  "request_id" : "P_92.180.9.66_lnyg69d3_tmm",
  "ref_no" : "ocr_python_123",
  "file_name" : "bon005.jpeg",
  "request_received_on" : 1697796455655,
  "success" : true,
  "image_width" : 1200,
  "image_height" : 1600,
  "image_rotation" : 0.019,
  "recognition_completed_on" : 1697796456078,
  "receipts" : [ {
    "merchant_name" : "BALLONKIL횁T횙 ZRT.",
    "merchant_address" : null,
    "merchant_phone" : null,
    "merchant_website" : null,
    "merchant_tax_reg_no" : null,
    "merchant_company_reg_no" : null,
    "region" : null,
    "mall" : null,
    "country" : "US",
    "receipt_no" : "A23470514",
    "date" : "2023-06-03",
    "time" : null,
    "items" : [ {
      "amount" : null,
      "category" : null,
      "description" : "NYUGTASZAM:",
      "flags" : "",
      "qty" : null,
      "remarks" : null,
      "tags" : null,
      "unitPrice" : null
    } ],
    "currency" : "USD",
    "total" : null,
    "subtotal" : null,
    "tax" : null,
    "service_charge" : null,
    "tip" : null,
    "payment_method" : null,
    "payment_details" : null,
    "credit_card_type" : null,
    "credit_card_number" : null,
    "ocr_text" : "             BALLONKIL횁T횙 ZRT.\n   1113 BUDAPEST BART횙K B횋LA 횣T 152./H.\n             BALLONKIL횁T횙 ZRT\n  1146 BUDAPEST KONRATH ALTENAUER UTCA 1\n           AD횙SZ횁M: 27922336-2-43\n                  NYUGTA\n  1 DB X 8 500 Ft\n FELN흶TT JEGY                   8 500\n  1 DB X 5 000 Ft\n GYEREK JEGY                   5 000\n R횋SZ-횜SSZESEN:                    13 500\n 횜SSZESEN:                      13 500 Ft\n BANKK횁RTYA:                    13 500 Ft\n               WWW.FISCAT.HU\n                               0057/00012\n                                    10:01\n NYUGTASZAM:\n 2023.06.03.\n          NAV ELLEN흶RZ흶 K횙D: 97BE9\n                  A23470514",
    "ocr_confidence" : 95.53,
    "width" : 553,
    "height" : 996,
    "avg_char_width" : 13.212,
    "avg_line_height" : 24.9179,
    "source_locations" : {
      "date" : [ [ {
        "y" : 1386,
        "x" : 345
      }, {
        "y" : 1362,
        "x" : 508
      }, {
        "y" : 1389,
        "x" : 512
      }, {
        "y" : 1415,
        "x" : 349
      } ] ],
      "receipt_no" : [ [ {
        "y" : 1440,
        "x" : 571
      }, {
        "y" : 1419,
        "x" : 691
      }, {
        "y" : 1441,
        "x" : 695
      }, {
        "y" : 1463,
        "x" : 575
      } ] ],
      "merchant_name" : [ [ {
        "y" : 491,
        "x" : 528
      }, {
        "y" : 503,
        "x" : 773
      }, {
        "y" : 528,
        "x" : 772
      }, {
        "y" : 518,
        "x" : 527
      } ] ],
      "doc" : [ [ {
        "y" : 433,
        "x" : 336
      }, {
        "y" : 444,
        "x" : 946
      }, {
        "y" : 1540,
        "x" : 925
      }, {
        "y" : 1528,
        "x" : 316
      } ] ]
    }
  } ]
}